<?xml version="1.0" encoding="utf-8" ?>
<!DOCTYPE mapper PUBLIC "-//mybatis.org//DTD Mapper 3.0//EN" "http://mybatis.org/dtd/mybatis-3-mapper.dtd" >
<mapper namespace="com.star.dao.CommentDao">

    <insert id="saveComment" parameterType="com.star.entity.Comment">
        insert into myblog.t_comment (nickname,email,content,avatar,create_time,blog_id,parent_comment_id,admin_comment)
        values (#{nickname},#{email},#{content},#{avatar},#{createTime},#{blogId},#{parentCommentId},#{adminComment});
    </insert>


    <select id="findByBlogIdParentIdNull" resultType="com.star.entity.Comment">
        select *
        from myblog.t_comment c
        where c.blog_id = #{blogId} and c.parent_comment_id = #{blogParentId}
        order by c.create_time desc
    </select>

<!--查询一级子评论-->
    <select id="findByBlogIdParentIdNotNull" resultType="com.star.entity.Comment">
        select *
        from myblog.t_comment c
        where c.blog_id = #{blogId} and c.parent_comment_id = #{id}
        order by c.create_time desc
    </select>

    <!--查询二级子评论-->
    <select id="findByBlogIdAndReplayId" resultType="com.star.entity.Comment">
        select *
        from myblog.t_comment c
        where c.blog_id = #{blogId} and c.parent_comment_id = #{childId}
        order by c.create_time desc
    </select>

    <!--<select id="findByParentCommentId" resultType="com.star.entity.Comment">-->
        <!--select c.id cid,c.nickname,c.email,c.content,c.avatar,c.create_time,c.blog_id,c.parent_comment_id-->
        <!--from myblog.t_comment c-->
        <!--where c.parent_comment_id = #{parentCommentId}-->
    <!--</select>-->

    <!--删除评论-->
    <delete id="deleteComment" >
        delete from myblog.t_comment where id = #{id}
    </delete>


</mapper>
